<?xml version="1.0" encoding="UTF-8"?>
<configuration scan="true" scanPeriod="30 seconds">
    <appender name="STDOUT" class="ch.qos.logback.core.ConsoleAppender">
        <encoder>
            <pattern>%d{yyyy-MM-dd HH:mm:ss.SSS}[%-5level] : %msg%n</pattern>
        </encoder>
    </appender>
    <appender name="ROLLING" class="ch.qos.logback.core.rolling.RollingFileAppender">
        <filter class="ch.qos.logback.classic.filter.ThresholdFilter">
            <level>INFO</level>
        </filter>
        <file>mylog.txt</file>
        <rollingPolicy class="ch.qos.logback.core.rolling.TimeBasedRollingPolicy">
            <!-- rollover daily -->
            <fileNamePattern>mylog-%d{yyyy-MM-dd}.%i.txt</fileNamePattern>
            <timeBasedFileNamingAndTriggeringPolicy
                    class="ch.qos.logback.core.rolling.SizeAndTimeBasedFNATP">
                <!-- or whenever the file size reaches 100MB -->
                <maxFileSize>100MB</maxFileSize>
            </timeBasedFileNamingAndTriggeringPolicy>
        </rollingPolicy>
        <encoder>
            <pattern>[%-5level] %d{HH:mm:ss.SSS} %logger{36} - %msg%n</pattern>
        </encoder>
    </appender>
    <root level="debug">
        <appender-ref ref="STDOUT"/>
        <appender-ref ref="ROLLING"/>
    </root>
</configuration>